{"cameraMode":{"drawMode":0,"name":"Shaded","section":"Shading Mode"},"sceneLighting":true,"audioPlay":false,"sceneViewState":{"showFog":false,"showMaterialUpdate":false,"showSkybox":false,"showFlares":false,"showImageEffects":false,"showParticleSystems":false},"in2DMode":false,"pivot":{"x":-11.484779357910157,"y":64.20750427246094,"z":15.628026962280274},"rotation":{"x":0.19052629172801972,"y":0.5955313444137573,"z":-0.1483883559703827,"w":0.7661742568016052},"size":180.4499053955078,"orthographic":false}