{"cameraMode":{"drawMode":0,"name":"Shaded","section":"Shading Mode"},"sceneLighting":false,"audioPlay":false,"sceneViewState":{"showFog":true,"showMaterialUpdate":false,"showSkybox":true,"showFlares":true,"showImageEffects":true,"showParticleSystems":true},"in2DMode":false,"pivot":{"x":-43.728816986083987,"y":20.52865982055664,"z":8.711341857910157},"rotation":{"x":-0.07497937977313996,"y":-0.14258991181850434,"z":0.011349343694746495,"w":-0.9868725538253784},"size":96.71198272705078,"orthographic":false}