{"cameraMode":{"drawMode":0,"name":"Shaded","section":"Shading Mode"},"sceneLighting":false,"audioPlay":false,"sceneViewState":{"showFog":true,"showMaterialUpdate":false,"showSkybox":true,"showFlares":true,"showImageEffects":true,"showParticleSystems":true},"in2DMode":false,"pivot":{"x":25.00869369506836,"y":26.520000457763673,"z":1.7086951732635499},"rotation":{"x":0.3961503803730011,"y":-0.01908021792769432,"z":0.007877015508711338,"w":0.917953610420227},"size":135.94808959960938,"orthographic":false}