{"cameraMode":{"drawMode":0,"name":"Shaded","section":"Shading Mode"},"sceneLighting":true,"audioPlay":false,"sceneViewState":{"showFog":true,"showMaterialUpdate":false,"showSkybox":true,"showFlares":true,"showImageEffects":true,"showParticleSystems":true},"in2DMode":false,"pivot":{"x":-15.104629516601563,"y":57.532718658447269,"z":3.2882423400878908},"rotation":{"x":0.017769208177924157,"y":0.3303907513618469,"z":-0.0064573995769023899,"w":0.9436548948287964},"size":42.788265228271487,"orthographic":false}